lag,correlation
1,-0.04889574658716022
2,-0.8780919598217954
3,0.28872000340004184
4,1.0
