frequency,magnitude
0.0,5.551115123125783e-16
0.16666666666666666,3.0197955222475636
0.3333333333333333,2.7005184191211846
0.5,1.782153344581085
