idx,total_bytes
23,1.185096
193,499.188643
378,297.696108
379,0.042731
398,30.291085
498,156.574352
